id;company;first_name;last_name;address;phone
1;Croatian Springs Cambridgeshire;Lavern;Treutel;haptic lavender Checking;737.818.0506
2;deposit Soft;Leonard;Schroeder;capacitor Metal Isle;979-967-7352
3;paradigms Trail;Lola;Mitchell;Connecticut Chief;454.342.3425 x1046
4;Steel;Odell;Lehner;Principal circuit Total;325.714.0250 x193
5;Pants;Raphael;Swift;revolutionize HDD;885.388.9750 x313
6;magenta multi-tasking Plastic;Lyla;Cassin;Solutions;(961) 825-6009
7;navigate;Rafaela;Schmitt;Up-sized withdrawal;818.981.8040 x693
8;Avon Assimilated;Maureen;Schoen;Electronics card;(331) 938-0910
9;Austria USB;Marcos;Lakin;Granite frame Tools;(235) 964-2887 x5723
10;withdrawal Account portals;Max;Beahan;Pound;773.236.4811
